sequence, count
PNP VV, 1737
AT0 NN, 1683
VV PNP, 1665
PNP VB, 1362
PNP VM0, 1067
AJ0 NN, 1031
TO0 VV, 788
VM0 VV, 775
NN NN, 664
VV PRP, 658
DPS NN, 656
VB VV, 578
VV AVP, 572
VV AT0, 560
VB AJ0, 547
AV0 VV, 508
XX0 VV, 506
VV TO0, 506
PRP AT0, 496
DT0 NN, 494
AV0 AV0, 489
AT0 AJ0, 440
PRP PNP, 405
NN PRP, 405
PNP AV0, 402
VV AV0, 393
VB AV0, 393
AV0 PNP, 392
VV NN, 357
NN VV, 348
PNP VHB, 348
CJS PNP, 345
NN VB, 342
VB AT0, 341
AV0 AJ0, 332
CJC PNP, 332
ITJ ITJ, 312
DT0 VB, 307
NN PRF, 305
VDB XX0, 297
VB PNP, 279
VV DT0, 278
PRP NN, 268
NN AV0, 259
VM0 XX0, 256
NN PNP, 239
VV DPS, 239
NN CJC, 234
ITJ PNP, 202
DTQ VB, 198
PRP DT0, 188
VB XX0, 180
VM0 VB, 178
VV VV, 177
PNP VDB, 172
NN NP0, 167
PNP PRP, 162
VV NP0, 160
VM0 VM0, 159
CJC VV, 157
PRP DPS, 155
VHB VV, 155
VV AJ0, 152
NN TO0, 142
VM0 PNP, 139
NN VM0, 135
PRP PRP, 133
DPS AJ0, 131
PRP NP0, 125
PRF NN, 122
AVP PRP, 122
AT0 NP0, 121
DT0 AJ0, 120
VB DT0, 119
EX0 VB, 118
VB PRP, 116
AV0 PRP, 114
NP0 NN, 107
PNP NN, 105
AVP AV0, 105
AJ0 AJ0, 105
NP0 NP0, 104
VM0 AV0, 104
TO0 VB, 102
VDB PNP, 102
NP0 VV, 101
PRP AV0, 101
VB NN, 99
VV PNI, 99
ITJ NN, 98
VB DPS, 97
AJ0 PRP, 94
ITJ VV, 93
DTQ PNP, 92
ITJ AV0, 92
PNP AVP, 92
PNP VDD, 91
AV0 DT0, 90
AJ0 PNP, 88
TO0 VDI, 87
AV0 NP0, 86
PRF AT0, 85
XX0 AV0, 84
CJC NN, 83
POS NN, 79
AV0 VB, 78
PRF PNP, 77
NP0 CJC, 77
AV0 AT0, 77
CJC AT0, 76
AJ0 TO0, 76
NN AJ0, 76
VV AVQ, 75
XX0 PNP, 74
PNP DT0, 74
AVQ PNP, 73
AV0 CJS, 73
AVQ VB, 72
AJ0 CJC, 71
AV0 NN, 71
NN AVP, 70
VM0 VHI, 70
CJC AV0, 69
VM0 VDI, 69
NN AT0, 68
NN CJS, 67
PNP AJ0, 67
PNP NP0, 64
AJ0 AV0, 63
VDD XX0, 62
VV CJC, 61
VDD PNP, 61
ITJ NP0, 61
VB NP0, 60
PRP AJ0, 57
VV DTQ, 57
VHB TO0, 57
VV CJS, 56
PNP TO0, 56
AV0 CJC, 55
CRD NN, 55
DT0 AT0, 55
NP0 PNP, 53
DT0 DT0, 53
NN POS, 52
PNP CJC, 52
CJC AJ0, 51
NN ITJ, 51
PNP AT0, 50
DT0 VV, 49
VHB AT0, 49
VB AVP, 49
AV0 VM0, 49
AV0 DTQ, 48
AV0 VDB, 48
NP0 VB, 48
AVQ VM0, 48
AJ0 NP0, 47
PNP PNP, 45
PNQ VB, 45
VDI PNP, 44
VV CJT, 44
ITJ AJ0, 44
CJS CJS, 44
ORD NN, 43
NN CJT, 43
NP0 AV0, 43
VHZ VV, 43
VB PNI, 42
PNI VV, 42
PRP VV, 41
AT0 AV0, 40
NN DT0, 40
XX0 VB, 39
PNP VDI, 39
NP0 POS, 39
CJC DT0, 38
ITJ DPS, 38
PNI PRP, 37
PNP VHD, 37
DTQ VV, 36
AVP AT0, 36
PNI AV0, 36
PRF DPS, 36
ITJ DT0, 35
CJC NP0, 35
AVP NN, 35
VHI VV, 35
PRF NP0, 34
DT0 PRF, 34
CJT PNP, 34
AVP CJC, 33
DT0 PNP, 33
PRF DT0, 33
DT0 VM0, 32
CJC DPS, 32
VHI TO0, 32
VHB PNP, 32
VV PRF, 31
AVQ VDB, 31
VHB AV0, 31
DT0 AV0, 31
AT0 ORD, 30
XX0 VHI, 30
PNI AJ0, 30
DTQ VM0, 30
XX0 AJ0, 30
DTQ VDB, 30
CJS AT0, 30
DT0 PRP, 30
PNI VB, 30
NN DTQ, 29
ITJ DTQ, 29
VDZ XX0, 29
VHB VB, 29
AJ0 CJS, 29
UNC UNC, 29
PNP VHZ, 29
AV0 DPS, 28
CJC AVQ, 28
CJC DTQ, 28
VDI DT0, 27
NN VHB, 27
XX0 DT0, 27
PNQ VV, 27
PRP CRD, 27
AV0 ITJ, 27
VV ITJ, 26
VB AVQ, 26
PNP CJS, 26
XX0 AT0, 26
NN VHZ, 26
VV PNX, 26
AJ0 VV, 26
VHI DT0, 26
VDI PNI, 25
AVP VV, 25
DTQ NN, 25
AT0 AJS, 25
TO0 VHI, 25
AVP NP0, 24
AV0 TO0, 24
NP0 PRP, 24
NN AVQ, 24
NN VDB, 24
AVP PNP, 24
CJC CJS, 24
NN DPS, 23
AJ0 PRF, 23
PNI PNP, 23
CRD PRF, 23
PNP VDG, 23
CJS DT0, 22
PNI TO0, 22
XX0 VDI, 22
DPS DT0, 22
PRP PNI, 21
AJS NN, 21
VDI PRP, 21
PRF AJ0, 21
DTQ AT0, 21
NN PNQ, 21
VHD AV0, 21
VV VB, 20
PNP DPS, 20
NP0 VM0, 20
AV0 CRD, 20
AVQ TO0, 20
AT0 DT0, 20
VHB XX0, 19
AJ0 PNI, 19
PNP VDZ, 19
AJC NN, 19
ITJ AVQ, 19
CRD CRD, 19
PNP ITJ, 19
VHI AT0, 19
CJC PNI, 18
VM0 DT0, 18
CJS NN, 18
CJT VV, 18
AV0 AVQ, 18
AVQ VDD, 18
CJS NP0, 18
DTQ PRP, 18
PNI VM0, 17
ITJ AT0, 17
CRD AJ0, 17
CJC EX0, 17
EX0 VM0, 17
NP0 AT0, 17
VDB PNI, 17
XX0 PRP, 17
ITJ CJC, 17
AJ0 DT0, 16
DT0 DPS, 16
VV CRD, 16
PRP PNX, 16
POS AJ0, 16
VM0 TO0, 16
PRP DTQ, 16
CJC PRP, 16
AVQ AJ0, 16
CJS AV0, 15
PNP VHI, 15
NN VDD, 15
VHB VDN, 14
PNP CRD, 14
CJT VM0, 14
AJ0 VM0, 14
AVP DPS, 13
AV0 XX0, 13
AJ0 VB, 13
AJ0 DPS, 13
XX0 NN, 13
AV0 VDD, 13
AV0 PNI, 13
DTQ CJS, 12
CJT AT0, 12
AVP CJS, 12
ITJ VM0, 12
NP0 VDB, 12
VB DTQ, 12
VB AJC, 12
VB VDG, 12
AV0 EX0, 12
CJC VB, 12
VDI VB, 12
CJT AV0, 11
PNI PNI, 11
AT0 CRD, 11
PNQ VM0, 11
DT0 CJS, 11
DT0 PNI, 11
PNP DTQ, 11
XX0 DPS, 11
VDZ PNP, 11
VDI AV0, 11
NN XX0, 11
AJC CJS, 11
CJS EX0, 11
PNP XX0, 10
DPS DPS, 10
DT0 NP0, 10
PUQ NN, 10
AJ0 CJT, 10
VDG AV0, 10
AT0 AJC, 10
VV AJC, 10
VB CRD, 10
VDB VV, 10
VV EX0, 10
PNI POS, 10
PNI PRF, 10
AVQ DT0, 10
AVP TO0, 9
XX0 TO0, 9
PNP AVQ, 9
VDD VV, 9
VHZ VB, 9
NN EX0, 9
CJC VDB, 9
AV0 AVP, 9
ITJ PRP, 9
DPS ORD, 9
AVQ NN, 9
NP0 CJS, 9
VB VDN, 9
AVQ AV0, 9
AV0 VHB, 8
CJS DPS, 8
UNC XX0, 8
ITJ VDB, 8
CRD PRP, 8
AV0 CJT, 8
VHD AT0, 8
PNX AV0, 8
VHI PNI, 8
VV VM0, 8
PRF PNI, 8
ITJ PNI, 8
PRF VV, 8
PUQ AT0, 8
AVP AJ0, 8
PNP PNI, 8
VV PUQ, 8
AVP VM0, 8
CJC XX0, 8
NP0 AVQ, 8
NP0 AJ0, 8
VHZ AV0, 7
CJT AJ0, 7
AV0 VDN, 7
CJS AJ0, 7
DTQ VHZ, 7
AJ0 AT0, 7
CRD VV, 7
CJS PNI, 7
ITJ UNC, 7
TO0 NN, 7
VB CJS, 7
ITJ CJS, 7
CRD CJC, 7
NN ORD, 7
NN PNI, 7
PUQ PNP, 7
DTQ TO0, 7
DTQ VDZ, 6
VHZ TO0, 6
CRD DT0, 6
VHZ AT0, 6
VHB DT0, 6
DTQ VHB, 6
PNI AVP, 6
DT0 AVP, 6
CJC PNQ, 6
VV XX0, 6
AJ0 ITJ, 6
PNP PUQ, 6
PRP AVQ, 6
NN PUQ, 6
AVP PNI, 6
NN CRD, 6
DT0 CRD, 6
ITJ VB, 6
VHI NN, 6
PNP ORD, 6
VDN AV0, 6
VDI AT0, 6
VB VB, 6
DTQ VDD, 6
VHB NN, 6
AVP DT0, 6
AVQ XX0, 6
PUQ AV0, 6
AT0 PNI, 6
CJT NN, 6
DT0 VHB, 6
DTQ AJ0, 6
PNI PNQ, 6
DPS AJS, 6
NN VDZ, 6
AVQ VHB, 6
VB PUQ, 5
ITJ PNQ, 5
EX0 VHZ, 5
DT0 CJC, 5
NP0 VDD, 5
PNI CJC, 5
VDN PRP, 5
XX0 CJS, 5
VHB AJ0, 5
PRP CJS, 5
ITJ XX0, 5
AVQ AT0, 5
PNI VHZ, 5
CJC CRD, 5
AVQ AVQ, 5
CJC VM0, 5
XX0 PNI, 5
CJT VB, 5
CJC AVP, 5
AVP VB, 5
PNI CJS, 5
VDI DTQ, 5
ORD VV, 5
PNX PRP, 5
VHD TO0, 5
NN PNX, 5
UNC NN, 5
DPS AV0, 5
NP0 TO0, 5
NP0 ITJ, 5
VB CJC, 5
VV ZZ0, 5
CJC CJC, 5
VHB DPS, 5
VDI NN, 5
AV0 VHN, 5
NP0 VHB, 5
VDN PNP, 5
VB TO0, 4
VV VDB, 4
VB CJT, 4
CJT DPS, 4
AJS AJ0, 4
DT0 TO0, 4
VHD PNP, 4
VHI VB, 4
VM0 NN, 4
AV0 ORD, 4
VV PNQ, 4
VHN AV0, 4
AVQ VDZ, 4
UNC ITJ, 4
CJT NP0, 4
ORD PNI, 4
DTQ AV0, 4
CJT EX0, 4
VHZ XX0, 4
CJC ITJ, 4
AV0 VHI, 4
AJ0 AVP, 4
VHI DPS, 4
AJ0 VDB, 4
AV0 AJC, 4
DT0 AJC, 4
VDD DT0, 4
VV ORD, 4
PRP VB, 4
NN VHD, 4
NP0 DPS, 4
VHB VHN, 4
AV0 PNQ, 4
CJS VV, 4
NP0 PNQ, 4
PNP PNX, 4
PRF DTQ, 4
AV0 VDI, 4
NN AJC, 4
AVQ PRP, 4
CJS PRP, 4
DT0 CJT, 4
CRD AT0, 3
AV0 VHD, 3
VHI PNP, 3
ZZ0 VV, 3
PNP UNC, 3
VM0 PRP, 3
VDD AT0, 3
AJS PRP, 3
PNP EX0, 3
AV0 VDZ, 3
NP0 VDG, 3
PNX AJ0, 3
AJ0 DTQ, 3
XX0 VHN, 3
VM0 PNI, 3
VB ORD, 3
PNQ PNP, 3
DPS CRD, 3
NP0 DT0, 3
VDI TO0, 3
CJC CJT, 3
XX0 CRD, 3
DPS PNP, 3
VDN VB, 3
VDD NN, 3
AVP ITJ, 3
VDB DTQ, 3
UNC VV, 3
DTQ DT0, 3
PNP PNQ, 3
VHI AJ0, 3
VDN NN, 3
PNX CJC, 3
VDZ PNI, 3
CJT PNI, 3
AJ0 XX0, 3
PUL DT0, 3
VB PRF, 3
CJC ORD, 3
VB AJS, 3
PRP AJC, 3
NP0 CRD, 3
VHD VV, 3
ITJ EX0, 3
PNX PNX, 3
PNI NP0, 3
AVQ NP0, 3
XX0 CJT, 3
VDB PRP, 3
PNI CJT, 3
PUQ CJC, 3
AJS PRF, 3
PNQ AV0, 3
PUQ VV, 3
CJC VHB, 3
AJ0 AVQ, 3
AVP DTQ, 3
XX0 DTQ, 3
NP0 DTQ, 3
CJT DT0, 3
VB EX0, 3
EX0 AV0, 3
NP0 XX0, 2
AV0 POS, 2
AVP AVP, 2
PUQ NP0, 2
VV PUR, 2
PRP AVP, 2
NP0 UNC, 2
DT0 PNQ, 2
VDB AT0, 2
VHD PRP, 2
CRD AV0, 2
VDG PNP, 2
PUQ VB, 2
NN UNC, 2
AVQ CJC, 2
VHN PNP, 2
ORD NP0, 2
PNQ VDB, 2
VDB NP0, 2
PNP CJT, 2
VDB AJ0, 2
TO0 AV0, 2
CRD PNP, 2
VM0 CJC, 2
AJ0 PNX, 2
AJ0 ORD, 2
ORD PRF, 2
VHZ AJ0, 2
VHI VDN, 2
AT0 AT0, 2
AVP CJT, 2
VDD AV0, 2
DPS ITJ, 2
NP0 CJT, 2
VDG AT0, 2
PNP VDN, 2
CRD VB, 2
AVQ VV, 2
DT0 VDZ, 2
VV UNC, 2
PNQ TO0, 2
NN PUR, 2
DT0 VDI, 2
EX0 VV, 2
PNI NN, 2
CJT CJS, 2
UNC NP0, 2
DT0 VDN, 2
VDB DT0, 2
VDB DPS, 2
ITJ CRD, 2
NP0 VHZ, 2
AJ0 EX0, 2
VDD CJC, 2
AJC AV0, 2
CJS XX0, 2
DPS DTQ, 2
DPS AJC, 2
AJC AVP, 2
VDB AV0, 2
AVP AVQ, 2
PRF PNX, 2
VHB NP0, 2
VDB VHI, 2
DTQ DPS, 2
DT0 ITJ, 2
AJ0 VDD, 2
PUQ ITJ, 2
PNI AJC, 2
TO0 CJC, 2
DT0 ORD, 2
AJC TO0, 2
PNX VDB, 2
PNP AJC, 2
ZZ0 AT0, 2
AV0 PUQ, 2
PNI VDB, 2
AJC PNP, 2
VDN NP0, 2
VHB PNI, 2
CRD VDB, 2
DTQ NP0, 2
EX0 UNC, 2
AV0 PRF, 2
PUQ DT0, 2
XX0 EX0, 2
VHN AT0, 2
PNI DT0, 2
PNI DPS, 2
VDN PNI, 2
DTQ PNI, 2
VHZ VDN, 2
VDD NP0, 2
CJC VHZ, 2
AV0 UNC, 2
CJC VDZ, 2
ORD PNP, 2
AV0 VHZ, 2
ZZ0 NN, 2
VHN DT0, 2
PNX NN, 2
AJS PNP, 2
NP0 VHD, 2
ORD PRP, 1
DT0 EX0, 1
TO0 PNP, 1
VDG PRP, 1
AJC AT0, 1
XX0 VDG, 1
ZZ0 PNP, 1
VDN AT0, 1
DPS VV, 1
VDG DTQ, 1
AJ0 UNC, 1
PNX VV, 1
VM0 NP0, 1
VDD DTQ, 1
DT0 VDD, 1
VHD VB, 1
VB VDZ, 1
UNC CRD, 1
AJ0 PUQ, 1
PNQ PNQ, 1
VDG DPS, 1
VM0 DPS, 1
NN VDG, 1
VDD PRP, 1
AJ0 VDZ, 1
PNI XX0, 1
AVP CRD, 1
XX0 CJC, 1
DPS VDG, 1
PRF CJT, 1
VHI DTQ, 1
VDB VB, 1
VHZ PNI, 1
AJS AV0, 1
VHB CJS, 1
VDI CJC, 1
POS AV0, 1
VDI NP0, 1
VDI VV, 1
PRF AJC, 1
NP0 VDZ, 1
VHD PNI, 1
NN AJS, 1
VHB PRP, 1
VHZ PNP, 1
XX0 VDN, 1
PNX ORD, 1
VB VHG, 1
VDN DT0, 1
AT0 ITJ, 1
POS CRD, 1
DTQ DTQ, 1
DTQ PRF, 1
VHD VDN, 1
UNC VM0, 1
PUR NN, 1
VDZ VV, 1
CJC AJC, 1
AVQ VHZ, 1
TO0 AT0, 1
DT0 XX0, 1
VDI ORD, 1
UNC DTQ, 1
AV0 AJS, 1
PUR DTQ, 1
VM0 DTQ, 1
ORD AV0, 1
VV VHB, 1
UNC PNP, 1
VHZ DT0, 1
VDG AVQ, 1
PNX PNP, 1
CJC AJS, 1
VHZ NN, 1
POS NP0, 1
VDI AVP, 1
NP0 ZZ0, 1
ZZ0 CJT, 1
ORD AVP, 1
CRD TO0, 1
DT0 VHZ, 1
CJC TO0, 1
PRP VDG, 1
AT0 PUQ, 1
PNX AVP, 1
POS VV, 1
VDZ NP0, 1
VM0 ITJ, 1
ITJ ZZ0, 1
CRD VHZ, 1
VDI VM0, 1
PRP PNQ, 1
VHI CRD, 1
NP0 AVP, 1
VDG VB, 1
CJS VB, 1
AJS CJC, 1
PNI AT0, 1
VHD NP0, 1
POS TO0, 1
DTQ ZZ0, 1
CJC VDD, 1
UNC AJ0, 1
VDB VDB, 1
CJS PUQ, 1
TO0 TO0, 1
VB VM0, 1
PRP TO0, 1
VDD VB, 1
AV0 VHG, 1
NP0 PNX, 1
DT0 DTQ, 1
CJS AVQ, 1
PNQ VHD, 1
VHD AJ0, 1
EX0 AT0, 1
CJT AVQ, 1
PRP ORD, 1
AV0 PNX, 1
VDB CJS, 1
VDG DT0, 1
VB ITJ, 1
POS AJS, 1
DTQ PNQ, 1
CJS VM0, 1
DTQ UNC, 1
VDB CJC, 1
XX0 AVP, 1
DTQ VHD, 1
VDI CJS, 1
VHD DT0, 1
PUQ AJ0, 1
PRP UNC, 1
VHZ NP0, 1
TO0 NP0, 1
VDI CRD, 1
CRD XX0, 1
ITJ VDZ, 1
ITJ VDD, 1
AJS ITJ, 1
CJT VHZ, 1
VDI DPS, 1
PNP PRF, 1
NN VDI, 1
PNX DT0, 1
PNI VDN, 1
AJS VV, 1
VDI AJ0, 1
VHI VHN, 1
CRD ORD, 1
DPS VB, 1
PNI ITJ, 1
CJS TO0, 1
AVQ PNI, 1
PUR PUL, 1
ORD TO0, 1
EX0 PNI, 1
CRD VM0, 1
PUL NN, 1
VM0 CJS, 1
EX0 DT0, 1
VHB AJC, 1
CRD CJS, 1
XX0 AVQ, 1
DPS VM0, 1
ORD DPS, 1
AJC PRP, 1
VM0 CRD, 1
VV VDN, 1
VHN CRD, 1
VDG VV, 1
VHB ITJ, 1
AJC NP0, 1
NP0 VDI, 1
DT0 AJS, 1
AJ0 AJC, 1
VHN PNI, 1
VHG AT0, 1
VV VHZ, 1
ORD AT0, 1
DT0 POS, 1
VHI PRP, 1
VDZ DT0, 1
ITJ VHB, 1
PUR AV0, 1
PNI VHI, 1
VV VDD, 1
CJT VDZ, 1
PUQ DTQ, 1
PRP ITJ, 1
VDZ AV0, 1
ZZ0 AJ0, 1
DT0 VDB, 1
PRF VB, 1
NP0 PNI, 1
AJ0 CRD, 1
AJS DPS, 1
VDG PNI, 1
DT0 VHD, 1
VHG DT0, 1
VHB CRD, 1
VDZ AT0, 1
VHD XX0, 1
CRD AVP, 1
PRF AV0, 1
AJS AJS, 1
